Ingredient Name,Quantity,Unit
active yeast,0.0,teaspoon
adzuki bean,0.0,cup
almond,0.0,cup
almond,0.0,tablespoon
almond extract,0.0,teaspoon
almond milk,0.0,cup
almond paste,0.0,ounce
apple cider vinegar,0.0,teaspoon
applesauce,0.0,ounce
arborio rice,0.0,cup
bacon,0.0,ounce
baking powder,0.0,tablespoon
baking powder,0.0,teaspoon
baking soda,0.0,teaspoon
biscuit baking mix,0.0,cup
black pepper,0.0,tablespoon
black pepper,0.0,teaspoon
bread crumb,0.0,cup
bread flour,0.0,cup
bread improver,0.0,teaspoon
breadcrumb,0.0,cup
brown sugar,0.0,cup
brown sugar,0.0,teaspoon
butter,0.0,cup
butter,0.0,tablespoon
butter,0.0,teaspoon
cake flour,0.0,cup
cardamom,0.0,teaspoon
cashew,0.0,cup
cayenne pepper,0.0,tablespoon
cayenne pepper,0.0,teaspoon
cheese,0.0,cup
cheese,0.0,ounce
cherry,0.0,cup
chickpea flour,0.0,cup
chili powder,0.0,teaspoon
chocolate,0.0,ounce
chocolate chip,0.0,cup
cinnamon,0.0,teaspoon
citron,0.0,tablespoon
clove,0.0,teaspoon
cocoa powder,0.0,cup
cocoa powder,0.0,tablespoon
coconut,0.0,cup
coconut,0.0,ounce
coconut milk,0.0,cup
confectioner sugar,0.0,tablespoon
cooking oil,0.0,quart
coriander seed,0.0,tablespoon
corn kernel,0.0,cup
corn oil,0.0,tablespoon
cornstarch,0.0,cup
cream,0.0,cup
cream tartar,0.0,teaspoon
cumin,0.0,teaspoon
cumin seed,0.0,tablespoon
curry powder,0.0,teaspoon
dark brown sugar,0.0,cup
dark brown sugar,0.0,tablespoon
egg,0.0,1.0
egg,0.0,2.0
egg,0.0,3.0
egg,0.0,4.0
egg,0.0,5.0
egg,0.0,8.0
egg,0.0,12.0
extra virgin olive oil,0.0,tablespoon
flour,0.0,cup
garlic,0.0,tablespoon
garlic powder,0.0,teaspoon
ghee,0.0,tablespoon
ghee butter,0.0,cup
ginger,0.0,teaspoon
ginger root,0.0,cup
glutinous rice,0.0,cup
glutinous rice flour,0.0,cup
golden raisin,0.0,cup
gouda cheese,0.0,cup
green bean,0.0,cup
green mung bean,0.0,ounce
green onion,0.0,cup
hazelnut,0.0,cup
heavy cream,0.0,cup
honey,0.0,tablespoon
ice water,0.0,cup
kimchi,0.0,cup
lemon,0.0,teaspoon
lemon juice,0.0,tablespoon
lemon zest,0.0,tablespoon
maple syrup,0.0,cup
margarine,0.0,cup
margarine,0.0,tablespoon
margarine,0.0,teaspoon
masa harina,0.0,ounce
mature coconut,0.0,cup
mayonnaise,0.0,cup
mexican chocolate ibarra,0.0,ounce
milk,0.0,cup
milk,0.0,tablespoon
nutmeg,0.0,teaspoon
oat,0.0,cup
oil,0.0,tablespoon
onion,0.0,cup
onion powder,0.0,teaspoon
orange juice,0.0,cup
orange juice,0.0,tablespoon
orange liqueur,0.0,tablespoon
orange zest,0.0,teaspoon
oregano,0.0,teaspoon
paprika,0.0,tablespoon
parmesan cheese,0.0,cup
parsley,0.0,cup
peanut butter,0.0,cup
pecan,0.0,cup
pineapple juice,0.0,cup
polenta,0.0,cup
poppy seed,0.0,cup
potato,0.0,pound
purpose flour,0.0,cup
purpose flour,0.0,tablespoon
raisin,0.0,ounce
rice cereal,0.0,cup
salt,0.0,tablespoon
salt,0.0,teaspoon
sea salt,0.0,teaspoon
semolina flour,0.0,tablespoon
sesame oil,0.0,tablespoon
sesame seed,0.0,cup
sesame seed,0.0,tablespoon
soy sauce,0.0,tablespoon
sriracha sauce,0.0,cup
steak,0.0,pound
sugar,0.0,cup
sugar,0.0,tablespoon
sugar,0.0,teaspoon
sultana,0.0,cup
sunflower seed kernel,0.0,cup
superfine castor sugar,0.0,cup
tap water,0.0,cup
tofu,0.0,ounce
tomato,0.0,cup
vanilla,0.0,teaspoon
vanilla extract,0.0,teaspoon
vanilla sugar,0.0,teaspoon
vegetable oil,0.0,tablespoon
walnut,0.0,cup
water,0.0,cup
wheat berry,0.0,cup
wheat flour,0.0,cup
white rice,0.0,cup
white sugar,0.0,cup
white sugar,0.0,tablespoon
zucchini,0.0,cup
